{"cameraMode":{"drawMode":0,"name":"Shaded","section":"Shading Mode"},"sceneLighting":true,"audioPlay":false,"sceneViewState":{"showFog":true,"showMaterialUpdate":false,"showSkybox":true,"showFlares":true,"showImageEffects":true,"showParticleSystems":true},"in2DMode":false,"pivot":{"x":-0.18038424849510194,"y":-1.645194172859192,"z":1.2683671712875367},"rotation":{"x":-0.436129093170166,"y":0.0423789843916893,"z":-0.020516689866781236,"w":-0.8986997008323669},"size":3.3401906490325929,"orthographic":false}